First Name [Required],Last Name [Required],Email Address [Required],Password [Required]
test,1,11082022test1@vaa.edu.vn,Abcd1234@
test,2,11082022test2@vaa.edu.vn,Abcd1234@
test,3,11082022test3@vaa.edu.vn,Abcd1234@
test,4,11082022test4@vaa.edu.vn,Abcd1234@
test,5,11082022test5@vaa.edu.vn,Abcd1234@
test,6,11082022test6@vaa.edu.vn,Abcd1234@
test,7,11082022test7@vaa.edu.vn,Abcd1234@
test,8,11082022test8@vaa.edu.vn,Abcd1234@
test,9,11082022test9@vaa.edu.vn,Abcd1234@
test,10,11082022test10@vaa.edu.vn,Abcd1234@
